Abibou,https://www.moxfield.com/decks/v7IpBAgciEmQN1Dx-9KPKQ,akdhl02r
AdMab,https://www.moxfield.com/decks/uBZG8b9QWkCOOM96ov7Iqw,3jqfs9d7
alexiskrempp,https://www.moxfield.com/decks/zNQQ08H6ikKIAPeXnSH4Tw,f7p9j88u
ambroiseb,https://www.moxfield.com/decks/bwahxpxF-0y1NvUG0I4WBQ,53e02f58
Arrias,https://www.moxfield.com/decks/tE2dI5qe5kyYLihdelk3hg,8rq5guen
Baekstra,https://www.moxfield.com/decks/Ht1LjTliWkGOo5XwlY5JAw,svvf6vdm
Barrettcall50,https://www.moxfield.com/decks/blAr5kX3p0ahkh_gnNURCA,eoca0lre
bj77,https://www.moxfield.com/decks/AFhoqtz1z0eij_D9CwQMlA,2gm2mgo3
Carpenters,https://www.moxfield.com/decks/ueLJSmwq8UOXhzrt9jvtZg,fdteo9ni
Cheu,https://www.moxfield.com/decks/mxSAdRhuBUGLxm0G5SuAZQ,47ccear1
colo,https://www.moxfield.com/decks/KCNI719RsU6QAOXXJnGT3Q,7495cgkh
Crymsea,https://www.moxfield.com/decks/qEYooHr4dUKUBQP3piYfog,n4ofrt5j
Damienade,https://www.moxfield.com/decks/64IVGAA0EkilsTP2cYWqxQ,p71b1q18
DominoMTG,https://www.moxfield.com/decks/66PqkffQcUCdk4U_YiPorQ,6872d14t
hannibal44,https://www.moxfield.com/decks/Ly3qNm1wpEmB4cof-BMv4w,39g5fus9
korn411,https://www.moxfield.com/decks/TPE7YCfdLEez4-jZdrbC3g,fl0rdgbi
Lantariel,https://www.moxfield.com/decks/VJwLztBL8UCYX_5Y6Z3I-A,o9ohudd3
LaTielle,https://www.moxfield.com/decks/G_2RbPG9f06TIqg1w9NmgA,s74d5ifj
Lulumoko,https://www.moxfield.com/decks/aIlyg84jVEKEoIX6ijvYBQ,2ed4dpnn
Lux_Ultima_,https://www.moxfield.com/decks/JjK-bdAbc0W9xy3sHO_ExA,jd4boj91
Lyes94,https://www.moxfield.com/decks/DMvAh3GnAkOzPuSEl9JxUA,6ha38jc6
MayTheSunShine,https://www.moxfield.com/decks/m9F4_T0Hk0e1Du_LpuUV_w,ovlmlhlk
melodichardbass,https://www.moxfield.com/decks/NKUi8-QJYUGfufXpm8y9Gw,d8mu54ab
Moebius,https://www.moxfield.com/decks/Jn-1SG7yM0CMZgFCNdts2g,jd1rqfab
MONCANA,https://www.moxfield.com/decks/Zr2xM2TPmUC-eDSYQSFzfQ,ope5rqlk
Nagaika,https://www.moxfield.com/decks/Jq85jFpcv0qVpVaYwnG5wA,8ul0an9f
NicolasP,https://www.moxfield.com/decks/TVbzgOCrO0-C84VkdcZqFg,9s8kb0od
Oelebelle94,https://www.moxfield.com/decks/hri16WNegkS379nqiUVj9Q,oa0u05s
OneSauk_,https://www.moxfield.com/decks/v6hSYbFQME6etmClNMbmDQ,eein5a65
Progenitus2001,https://www.moxfield.com/decks/K8EbEhGh102NIH3c-97Irw,a1dbagov
Psaro,https://www.moxfield.com/decks/TE1aHxXtEkaaMC_3jk0AAA,85otgll2
Raph_,https://www.moxfield.com/decks/PkDtNJcHSUiaM64f91HlVg,a8ndqtl3
sablandriel,https://www.moxfield.com/decks/LAziEskUkUa_lP-qubvHpA,ap5drn28
Senseiidora,https://www.moxfield.com/decks/WkGgtZZQH02VqdQVo7lfQQ,ba0q44t6
skavout,https://www.moxfield.com/decks/ggtm6wYFpkCYvFYs5BXuZw,gbc54odb
slavaarg,https://www.moxfield.com/decks/pDAPeVOzHUyHGPnqUETaqw,0lhfs7r3
som40,https://www.moxfield.com/decks/5XkwQJmuBUqyGE94AapvaA,lahc0ggk
soulless_oni,https://www.moxfield.com/decks/CYDASLI5d0C-u-rU0seEwA,8o0fn4oq
Trishkel,https://www.moxfield.com/decks/htolORGD40WASqwVp0YhHg,of5e4jeh
Zankou,https://www.moxfield.com/decks/BfZwIdStika7Hqt12oPq5w,1hsbi28d
Zohoz,https://www.moxfield.com/decks/m4R4t1RASUOcY3QV03t0Lw,fegud15s
Zoubrowska,https://www.moxfield.com/decks/9xAh4eXmgkuuYY0WxFH6Bw,0u0hsjdi
absent,,aze